station_code,measurement_datetime,stage_cm,discharge_m3s
74100000,1950-07-06 07:00:00,181.0,586.0
74100000,1950-07-07 07:00:00,197.0,723.0
74100000,1950-07-08 07:00:00,229.0,1102.0
74100000,1951-05-12 07:00:00,138.0,230.0
74100000,1951-05-12 07:00:00,138.0,233.0
74100000,1951-05-14 07:00:00,137.0,212.0
74100000,1951-05-14 07:00:00,137.0,211.0
74100000,1951-05-15 07:00:00,136.0,194.0
74100000,1951-05-15 07:00:00,136.0,195.0
74100000,1951-05-16 07:00:00,135.0,192.0
74100000,1951-05-16 07:00:00,135.0,193.0
74100000,1951-05-17 07:00:00,134.0,194.0
74100000,1951-05-17 07:00:00,134.0,192.0
74100000,1953-06-29 07:00:00,174.0,614.0
74100000,1953-06-30 07:00:00,172.0,597.0
74100000,1953-06-30 07:00:00,170.0,600.0
74100000,1953-07-01 07:00:00,168.0,567.0
74100000,1953-07-01 07:00:00,166.0,575.0
74100000,1953-07-01 07:00:00,166.0,525.0
74100000,1953-07-01 07:00:00,166.0,597.0
74100000,1953-07-01 07:00:00,166.0,567.0
74100000,1953-07-02 07:00:00,164.0,512.0
74100000,1953-07-02 07:00:00,164.0,511.0
74100000,1953-07-02 07:00:00,165.0,503.0
74100000,1971-09-16 07:00:00,206.0,1059.0
74100000,1971-11-05 07:00:00,136.0,518.0
74100000,1971-12-18 07:00:00,102.0,198.0
74100000,1972-01-15 07:00:00,131.0,640.0
74100000,1972-03-12 07:00:00,191.0,945.0
74100000,1972-03-12 07:00:00,192.0,944.0
74100000,1972-04-08 07:00:00,229.0,1258.0
74100000,1972-04-08 07:00:00,222.0,1369.0
74100000,1972-05-11 07:00:00,139.0,448.0
74100000,1972-05-11 07:00:00,139.0,417.0
74100000,1972-07-06 07:00:00,251.0,1468.0
74100000,1972-07-06 07:00:00,251.0,1480.0
74100000,1972-08-29 07:00:00,1086.0,18525.0
74100000,1972-09-28 07:00:00,841.0,16316.0
74100000,1972-09-28 07:00:00,791.0,14453.0
74100000,1972-10-18 07:00:00,248.0,1871.0
74100000,1972-10-19 07:00:00,246.0,1692.0
74100000,1972-11-27 07:00:00,200.0,967.0
74100000,1972-11-27 07:00:00,200.0,938.0
74100000,1972-12-12 07:00:00,208.0,938.0
74100000,1972-12-12 07:00:00,208.0,978.0
74100000,1973-01-04 07:00:00,186.0,922.0
74100000,1973-01-04 07:00:00,186.0,834.0
74100000,1973-02-19 07:00:00,304.0,2347.0
74100000,1973-02-19 07:00:00,306.0,2332.0
74100000,1973-03-23 07:00:00,183.0,772.0
74100000,1973-03-23 07:00:00,184.0,794.0
74100000,1973-04-25 07:00:00,156.0,564.0
74100000,1973-05-23 07:00:00,524.0,6234.0
74100000,1973-06-06 07:00:00,196.0,1041.0
74100000,1973-06-06 07:00:00,187.0,813.0
74100000,1973-07-06 07:00:00,307.0,2294.0
74100000,1973-07-06 07:00:00,301.0,2234.0
74100000,1974-02-06 07:00:00,158.0,559.0
74100000,1974-03-17 07:00:00,186.0,655.0
74100000,1974-04-16 07:00:00,146.0,411.0
74100000,1974-05-29 07:00:00,203.0,922.0
74100000,1974-06-20 07:00:00,316.0,2634.0
74100000,1974-08-20 07:00:00,140.0,459.0
74100000,1974-09-20 07:00:00,164.0,642.0
74100000,1974-11-23 07:00:00,321.0,2322.0
74100000,1975-01-12 07:00:00,299.0,2369.0
74100000,1975-02-20 07:00:00,151.0,488.0
74100000,1975-03-26 07:00:00,146.0,503.0
74100000,1975-04-12 07:00:00,130.0,370.0
74100000,1975-05-10 07:00:00,122.0,267.0
74100000,1975-06-18 07:00:00,188.0,817.0
74100000,1975-07-06 07:00:00,163.0,688.0
74100000,1975-07-27 07:00:00,166.0,558.0
74100000,1975-08-11 07:00:00,632.0,8143.0
74100000,1975-10-10 07:00:00,335.0,2680.0
74100000,1976-04-22 07:00:00,134.0,400.0
74100000,1976-06-12 07:00:00,272.0,1903.0
74100000,1976-08-14 07:00:00,348.0,2461.0
74100000,1977-01-06 07:00:00,232.0,1328.0
74100000,1977-03-09 07:00:00,277.0,1817.0
74100000,1977-04-12 07:00:00,182.0,811.0
74100000,1977-06-05 07:00:00,146.0,487.0
74100000,1977-07-07 07:00:00,166.0,663.0
74100000,1977-10-20 07:00:00,366.0,3328.0
74100000,1978-01-07 07:00:00,140.0,444.0
74100000,1978-04-10 07:00:00,115.0,251.0
74100000,1978-06-12 07:00:00,110.0,198.0
74100000,1978-08-11 07:00:00,140.0,445.0
74100000,1978-11-13 07:00:00,180.0,812.0
74100000,1979-03-08 07:00:00,120.0,293.0
74100000,1979-05-14 07:00:00,270.0,1680.0
74100000,1979-07-09 07:00:00,432.0,4224.0
74100000,1979-09-07 07:00:00,190.0,876.0
74100000,1979-11-10 07:00:00,427.0,4001.0
74100000,1980-01-08 07:00:00,172.0,679.0
74100000,1980-10-15 07:00:00,208.0,1200.0
74100000,1980-12-13 07:00:00,269.0,2011.0
74100000,1981-03-13 07:00:00,165.0,752.0
74100000,1981-04-02 07:00:00,120.0,321.0
74100000,1981-05-20 07:00:00,125.0,332.0
74100000,1981-06-16 07:00:00,200.0,1107.0
74100000,1981-08-12 07:00:00,143.0,483.0
74100000,1981-10-06 07:00:00,263.0,1972.0
74100000,1981-10-08 07:00:00,279.0,2024.0
74100000,1981-12-19 07:00:00,163.0,685.0
74100000,1982-01-09 07:00:00,170.0,689.0
74100000,1982-03-11 07:00:00,147.0,577.0
74100000,1982-03-11 07:00:00,147.0,593.0
74100000,1982-05-07 07:00:00,105.0,185.0
74100000,1982-06-20 07:00:00,272.0,1987.0
74100000,1982-06-20 07:00:00,272.0,1953.0
74100000,1982-08-11 07:00:00,275.0,1860.0
74100000,1982-10-12 07:00:00,384.0,3588.0
74100000,1982-11-21 07:00:00,515.0,5678.0
74100000,1982-12-19 07:00:00,230.0,1406.0
74100000,1983-03-23 07:00:00,268.0,1818.0
74100000,1983-03-27 07:00:00,205.0,1158.0
74100000,1983-08-25 07:00:00,318.0,2575.0
74100000,1983-10-09 07:00:00,218.0,1254.0
74100000,1983-12-12 07:00:00,168.0,754.0
74100000,1984-09-21 07:00:00,414.0,3939.0
74100000,1984-10-11 07:00:00,526.0,6435.0
74100000,1984-12-03 07:00:00,193.0,981.0
74100000,1985-01-10 07:00:00,156.0,582.0
74100000,1985-03-13 07:00:00,170.0,741.0
74100000,1985-03-23 07:00:00,154.0,551.0
74100000,1985-06-11 07:00:00,166.0,697.0
74100000,1985-07-10 07:00:00,311.0,2261.0
74100000,1985-09-13 07:00:00,204.0,1106.0
74100000,1985-09-23 07:00:00,308.0,2242.0
74100000,1985-12-27 07:00:00,118.0,298.0
74100000,1986-02-25 07:00:00,129.0,345.0
74100000,1986-05-17 07:00:00,160.0,613.0
74100000,1986-08-26 07:00:00,298.0,1910.0
74100000,1986-11-19 07:00:00,198.0,1014.0
74100000,1987-02-13 07:00:00,200.0,1110.0
74100000,1987-04-23 07:00:00,174.0,628.0
74100000,1987-08-21 07:00:00,311.0,2346.0
74100000,1987-09-05 07:00:00,317.0,2250.0
74100000,1988-01-09 07:00:00,0.0,371.0
74100000,1988-01-09 07:00:00,134.0,371.0
74100000,1988-04-27 07:00:00,525.0,6331.0
74100000,1988-07-21 07:00:00,167.0,673.0
74100000,1989-01-17 07:00:00,240.0,1536.0
74100000,1989-08-23 07:00:00,174.0,811.0
74100000,1993-06-15 07:00:00,210.0,1090.0
74100000,1993-09-27 07:00:00,397.0,3194.0
74100000,1993-09-27 07:00:00,397.0,3003.0
74100000,1994-05-09 07:00:00,187.0,910.0
74100000,1994-08-08 07:00:00,218.0,1301.0
74100000,1994-11-18 07:00:00,292.0,2092.0
74100000,1995-02-23 07:00:00,208.0,1060.0
74100000,1995-07-10 07:00:00,268.0,1770.0
74100000,1995-10-16 07:00:00,364.0,3221.0
74100000,1996-06-20 07:00:00,358.0,2944.0
74100000,1996-08-21 07:00:00,295.0,2106.0
74100000,1997-04-18 07:00:00,128.0,424.0
74100000,1997-07-16 07:00:00,178.0,911.0
74100000,1997-10-17 07:00:00,905.0,12898.0
74100000,1998-02-07 07:00:00,553.0,6050.0
74100000,1998-04-16 07:00:00,295.0,2412.0
74100000,1998-07-22 07:00:00,302.0,2319.0
74100000,1998-10-21 07:00:00,337.0,2608.0
74100000,1999-01-20 07:00:00,148.0,461.0
74100000,1999-04-22 07:00:00,245.0,1425.0
74100000,1999-07-21 07:00:00,227.0,1193.0
74100000,1999-10-20 07:00:00,399.0,3673.0
74100000,2000-01-12 07:00:00,126.0,369.0
74100000,2000-05-17 07:00:00,217.0,1104.0
74100000,2000-07-19 07:00:00,279.0,1876.0
74100000,2000-10-18 07:00:00,594.0,8929.0
74100000,2001-02-01 07:00:00,441.0,4706.0
74100000,2001-07-17 07:00:00,268.0,1772.0
74100000,2001-10-15 08:00:00,234.0,1205.0
74100000,2002-04-04 09:15:00,139.0,412.0
74100000,2002-05-22 09:30:00,326.0,2435.0
74100000,2002-09-18 07:45:00,568.0,6593.0
74100000,2003-03-25 09:30:00,204.0,1104.0
74100000,2003-07-30 09:00:00,248.0,1557.0
74100000,2003-12-02 09:30:00,267.5,1762.0
74100000,2004-09-01 09:30:00,155.0,541.0
74100000,2004-11-25 09:20:00,201.0,927.1
74100000,2005-07-11 11:00:00,172.0,584.0
74100000,2005-11-01 08:50:00,380.0,3853.0
74100000,2006-08-16 14:20:00,252.0,1639.0
74100000,2007-03-14 09:30:00,257.0,1759.0
74100000,2007-08-08 09:35:00,291.0,2227.0
74100000,2007-11-21 08:20:00,294.0,2303.0
74100000,2008-06-11 08:00:00,292.5,2208.0
74100000,2008-09-24 09:10:00,229.0,1431.0
74100000,2009-06-17 08:30:00,155.0,524.0
74100000,2009-09-19 08:30:00,500.5,6074.0
74100000,2010-04-20 15:30:00,221.0,1268.0
74100000,2010-08-04 08:00:00,388.0,3727.0
74100000,2010-11-05 07:30:00,240.5,1545.0
74100000,2011-02-09 08:00:00,311.0,2459.0
74100000,2011-05-27 08:30:00,227.5,1384.0
74100000,2011-08-20 09:20:00,319.0,2680.0
74100000,2011-11-05 07:40:00,310.0,2510.0
74100000,2012-02-10 08:10:00,148.0,515.0
74100000,2012-05-16 07:40:00,147.0,516.0
74100000,2012-08-10 09:42:00,252.0,1680.169
74100000,2012-11-13 07:34:00,174.0,732.467
74100000,2013-03-21 09:18:00,330.0,2370.07
74100000,2013-07-03 09:31:00,259.0,1716.157
74100000,2013-10-30 09:20:00,316.0,2361.533
74100000,2014-03-14 10:02:00,152.0,526.008
74100000,2014-07-22 14:00:00,302.0,2105.719
74100000,2014-10-24 09:01:00,300.0,2146.328
74100000,2015-03-11 09:31:00,250.0,1612.533
74100000,2015-03-11 09:31:00,250.0,1610.0
74100000,2015-07-10 09:41:00,451.0,3804.877
74100000,2015-07-10 09:41:00,451.0,3800.0
74100000,2015-10-23 09:49:00,1028.0,10374.521
74100000,2015-10-23 09:49:00,928.0,11500.0
74100000,2016-03-23 09:48:00,447.0,3650.0
74100000,2016-03-23 09:48:00,447.0,3646.0
74100000,2016-07-13 09:49:00,155.0,557.877
74100000,2016-07-13 09:49:00,155.0,558.0
74100000,2016-10-21 09:47:00,366.0,2933.741
74100000,2016-10-21 09:47:00,366.0,2930.0
74100000,2017-02-07 09:41:00,169.0,660.301
74100000,2017-02-07 09:41:00,169.0,660.0
74100000,2017-03-09 09:42:00,166.0,621.172
74100000,2017-03-09 09:42:00,166.0,621.0
74100000,2017-07-10 09:57:00,165.0,672.904
74100000,2017-07-10 09:57:00,165.0,673.0
74100000,2017-08-10 09:42:00,161.0,606.0
74100000,2017-10-18 10:25:00,291.0,2070.0
74100000,2017-12-01 08:46:00,166.0,633.0
74100000,2018-02-23 10:53:00,268.0,1780.0
74100000,2018-02-23 10:53:00,254.0,1630.0
74100000,2018-02-23 10:53:00,254.0,1633.48
74100000,2018-02-23 10:53:00,268.0,1778.89
74100000,2018-04-10 10:35:00,160.0,573.0
74100000,2018-06-20 09:45:00,151.0,502.374
74100000,2018-06-20 09:45:00,151.0,502.0
74100000,2018-08-30 09:51:00,158.0,636.0
74100000,2018-11-02 09:46:00,389.0,3306.133
74100000,2018-11-02 09:46:00,389.0,3310.0
74100000,2018-12-13 07:55:00,161.0,580.567
74100000,2018-12-13 07:55:00,161.0,581.0
74100000,2019-02-17 09:25:00,250.0,1512.29
74100000,2019-02-17 09:25:00,250.0,1510.0
74100000,2019-04-15 10:04:00,160.0,583.371
74100000,2019-04-15 10:04:00,160.0,583.0
74100000,2019-06-01 10:47:00,602.0,6613.962
74100000,2019-06-01 10:47:00,602.0,6610.0
74100000,2019-06-01 14:06:00,605.0,6950.0
74100000,2019-06-01 14:06:00,605.0,6947.34
74100000,2019-06-01 16:37:00,617.0,7039.424
74100000,2019-06-01 16:37:00,617.0,7040.0
74100000,2019-06-02 08:58:00,564.0,6010.0
74100000,2019-06-02 08:58:00,564.0,6013.122
74100000,2019-06-02 11:23:00,587.0,6552.289
74100000,2019-06-02 11:23:00,587.0,6550.0
74100000,2019-06-03 09:25:00,418.0,3716.361
74100000,2019-06-03 09:25:00,418.0,3720.0
74100000,2019-07-30 09:20:00,245.0,1460.0
74100000,2019-07-30 09:20:00,245.0,1457.91
74100000,2019-08-29 09:21:00,152.0,497.414
74100000,2019-08-29 09:21:00,152.0,497.0
74100000,2019-10-23 09:25:00,148.0,474.0
74100000,2019-10-23 09:25:00,148.0,473.93
74100000,2020-03-16 08:56:00,103.0,194.836
74100000,2020-03-16 08:56:00,103.0,195.0
74100000,2021-01-22 13:36:00,267.0,1709.903
74100000,2021-01-22 13:36:00,267.0,1710.0
74100000,2022-03-21 15:40:00,104.0,207.565
74100000,2022-03-21 15:40:00,104.0,208.0
74100000,2022-05-03 09:41:00,346.0,2720.0
74100000,2022-05-03 09:41:00,346.0,2724.172
74100000,2022-06-18 14:19:00,499.0,4872.116
74100000,2022-06-18 14:19:00,499.0,4870.0
74100000,2022-08-23 09:51:00,301.0,2130.0
74100000,2022-08-23 09:51:00,301.0,2130.02
74100000,2022-11-02 14:16:00,263.0,1692.008
74100000,2022-11-02 14:16:00,263.0,1690.0
74100000,2022-12-06 08:54:00,151.0,480.997
74100000,2022-12-06 08:54:00,151.0,481.0
74100000,2023-02-01 16:28:00,149.0,522.0
74100000,2023-05-30 14:13:00,159.0,590.0
74100000,2023-07-19 09:29:00,357.0,2920.0
74100000,2023-07-19 09:29:00,357.0,2915.411
74100000,2023-11-04 12:02:00,1064.0,16300.0
74100000,2023-11-04 15:04:00,1029.0,15800.0
74100000,2023-11-06 14:17:00,485.0,4770.0
74100000,2024-04-30 09:39:00,462.0,4410.0
74100000,2024-08-20 14:17:00,272.0,1800.0
74100000,2025-02-24 10:22:00,169.0,641.0
74100000,2025-09-05 14:15:00,284.0,1930.0
74100000,2025-11-24 16:34:00,195.0,925.0
74100000,2026-03-18 15:23:00,175.0,675.0
