codigoestacao,veredicto,n_vigencias,vigencia_min,vigencia_max,huecos_vigencia_post_2000,cota_min_cm,cota_max_cm,n_aforos_desde_2000,aforo_datetime_min,aforo_datetime_max,mape_validacion
17271100,sin_curva,,,,,,,,,,
2753057,sin_curva,,,,,,,,,,
2754026,sin_curva,,,,,,,,,,
56440000,sin_curva,,,,,,,,,,
66400390,usable_sin_validacion,3.0,2015-08-01 00:00:00.0,2023-12-31 00:00:00.0,0.0,30.0,700.0,0.0,,,
66523000,sin_curva,,,,,,,,,,
70100000,sospechosa,6.0,1976-04-21 00:00:00.0,2023-12-31 00:00:00.0,0.0,10.0,650.0,107.0,2000-03-30 07:00:00,2026-03-04 11:09:00,0.8587603643223685
70110000,sin_curva,,,,,,,,,,
70120000,sin_curva,,,,,,,,,,
70150000,sin_curva,,,,,,,,,,
70200000,usable,8.0,1964-06-01 00:00:00.0,2026-12-31 00:00:00.0,0.0,13.0,950.0,103.0,2000-04-07 07:00:00,2025-09-25 11:31:00,0.12613724090497516
70300000,sospechosa,4.0,1942-03-15 00:00:00.0,2026-12-31 00:00:00.0,0.0,15.0,1050.0,102.0,2000-03-31 07:00:00,2026-03-03 10:44:00,1.1100291199667198
70305000,sin_curva,,,,,,,,,,
70305100,sin_curva,,,,,,,,,,
70305110,sin_curva,,,,,,,,,,
70319000,sin_curva,,,,,,,,,,
70319200,sin_curva,,,,,,,,,,
70371000,sin_curva,,,,,,,,,,
70500000,usable,12.0,1944-10-25 00:00:00.0,2026-12-31 00:00:00.0,0.0,43.0,900.0,99.0,2000-04-03 07:00:00,2026-02-25 11:28:00,0.1087177793421456
70580000,sin_curva,,,,,,,,,,
70597000,sin_curva,,,,,,,,,,
70600000,sin_curva,,,,,,,,,,
70610000,sin_curva,,,,,,,,,,
70610500,sin_curva,,,,,,,,,,
70710000,sin_curva,,,,,,,,,,
70719700,sin_curva,,,,,,,,,,
70719750,sin_curva,,,,,,,,,,
70719760,sin_curva,,,,,,,,,,
70719860,sin_curva,,,,,,,,,,
70719960,sin_curva,,,,,,,,,,
70719990,sin_curva,,,,,,,,,,
70720000,sin_curva,,,,,,,,,,
70740000,sin_curva,,,,,,,,,,
70840080,sin_curva,,,,,,,,,,
70841500,sin_curva,,,,,,,,,,
70842000,sin_curva,,,,,,,,,,
70843000,sin_curva,,,,,,,,,,
70843500,sin_curva,,,,,,,,,,
70844200,sin_curva,,,,,,,,,,
70844300,sin_curva,,,,,,,,,,
70844500,sin_curva,,,,,,,,,,
70845000,sin_curva,,,,,,,,,,
71200000,usable,10.0,1957-01-01 00:00:00.0,2026-12-31 00:00:00.0,0.0,40.0,1400.0,97.0,2000-04-14 07:00:00,2026-02-26 09:59:00,0.126534284051683
71250000,usable,6.0,1959-09-01 00:00:00.0,2026-12-31 00:00:00.0,0.0,50.0,1000.0,98.0,2000-04-15 07:00:00,2026-02-23 09:37:00,0.10820914711686627
71300000,usable,9.0,1942-01-01 00:00:00.0,2026-12-31 00:00:00.0,0.0,20.0,1950.0,98.0,2000-04-13 07:00:00,2026-02-24 09:44:00,0.09147386866571311
71310500,sin_curva,,,,,,,,,,
71325000,sin_curva,,,,,,,,,,
71341000,sin_curva,,,,,,,,,,
71350001,usable,8.0,1984-07-01 00:00:00.0,2026-12-31 00:00:00.0,0.0,50.0,1050.0,105.0,2000-04-12 07:00:00,2026-02-27 09:08:00,0.03199699820693014
71351000,sin_curva,,,,,,,,,,
71380450,sin_curva,,,,,,,,,,
71380500,sin_curva,,,,,,,,,,
71380600,sin_curva,,,,,,,,,,
71383300,sin_curva,,,,,,,,,,
71385400,usable_sin_validacion,4.0,2017-11-12 00:00:00.0,2022-12-31 00:00:00.0,0.0,180.0,750.0,0.0,,,
71386000,sin_curva,,,,,,,,,,
71386500,usable_sin_validacion,2.0,2016-03-01 00:00:00.0,2022-12-31 00:00:00.0,0.0,100.0,750.0,0.0,,,
71388000,sin_curva,,,,,,,,,,
71388600,sin_curva,,,,,,,,,,
71491100,sin_curva,,,,,,,,,,
71491800,sin_curva,,,,,,,,,,
71491900,sin_curva,,,,,,,,,,
71492100,sin_curva,,,,,,,,,,
71492150,sin_curva,,,,,,,,,,
71492300,sin_curva,,,,,,,,,,
71495500,sin_curva,,,,,,,,,,
71496300,sin_curva,,,,,,,,,,
71496800,sin_curva,,,,,,,,,,
71497000,sin_curva,,,,,,,,,,
71539800,sin_curva,,,,,,,,,,
71540000,sin_curva,,,,,,,,,,
71621000,sin_curva,,,,,,,,,,
71621500,sin_curva,,,,,,,,,,
71644000,sin_curva,,,,,,,,,,
71645000,sin_curva,,,,,,,,,,
71647000,sin_curva,,,,,,,,,,
71655000,sin_curva,,,,,,,,,,
71700000,sin_curva,,,,,,,,,,
71740000,sin_curva,,,,,,,,,,
71820000,sin_curva,,,,,,,,,,
71829000,sin_curva,,,,,,,,,,
71840000,sin_curva,,,,,,,,,,
71890500,usable_sin_validacion,1.0,2015-05-01 00:00:00.0,2022-12-31 00:00:00.0,0.0,53.0,365.0,0.0,,,
71900000,sin_curva,,,,,,,,,,
72080000,usable_sin_validacion,1.0,2015-09-07 00:00:00.0,2024-12-31 00:00:00.0,0.0,54.0,580.0,0.0,,,
72090000,sin_curva,,,,,,,,,,
72100980,sin_curva,,,,,,,,,,
72101000,sin_curva,,,,,,,,,,
72428000,sin_curva,,,,,,,,,,
72430000,usable,7.0,1957-05-01 00:00:00.0,2026-12-31 00:00:00.0,0.0,60.0,1450.0,98.0,2000-04-10 07:00:00,2025-09-19 09:11:00,0.06560080563435675
72450500,sin_curva,,,,,,,,,,
72451000,sin_curva,,,,,,,,,,
72460000,sin_curva,,,,,,,,,,
72480001,sin_curva,,,,,,,,,,
72480100,sin_curva,,,,,,,,,,
72519000,sin_curva,,,,,,,,,,
72519100,sin_curva,,,,,,,,,,
72630000,usable,9.0,1957-10-01 00:00:00.0,2026-12-31 00:00:00.0,0.0,29.0,1400.0,104.0,2000-04-11 07:00:00,2025-09-18 10:00:00,0.03656027724880921
72680000,usable,8.0,1939-10-01 00:00:00.0,2026-12-31 00:00:00.0,0.0,20.0,1150.0,104.0,2000-04-14 07:00:00,2025-09-17 11:47:00,0.03646554490288227
72690080,sin_curva,,,,,,,,,,
72700000,sin_curva,,,,,,,,,,
72709000,sin_curva,,,,,,,,,,
72715000,sospechosa,11.0,1976-01-01 00:00:00.0,2023-12-31 00:00:00.0,0.0,50.0,500.0,108.0,2000-04-20 07:00:00,2026-03-02 10:51:00,0.22036527013468735
72805020,sin_curva,,,,,,,,,,
72805040,sin_curva,,,,,,,,,,
72805790,sin_curva,,,,,,,,,,
72806000,sin_curva,,,,,,,,,,
72810000,usable,6.0,1976-01-01 00:00:00.0,2026-12-31 00:00:00.0,0.0,50.0,550.0,103.0,2000-04-14 07:00:00,2026-02-27 09:47:00,0.10090548689907251
72815000,sin_curva,,,,,,,,,,
72815500,sin_curva,,,,,,,,,,
72816000,sin_curva,,,,,,,,,,
72816100,sin_curva,,,,,,,,,,
72817000,sin_curva,,,,,,,,,,
72818000,sin_curva,,,,,,,,,,
72848200,sin_curva,,,,,,,,,,
72848997,sin_curva,,,,,,,,,,
72849000,usable,4.0,1985-01-01 00:00:00.0,2026-12-31 00:00:00.0,0.0,30.0,1050.0,98.0,2000-04-19 07:00:00,2026-02-26 10:36:00,0.09570323320483988
72850100,sin_curva,,,,,,,,,,
72850140,sin_curva,,,,,,,,,,
72859500,sin_curva,,,,,,,,,,
72860000,sin_curva,,,,,,,,,,
72860080,sin_curva,,,,,,,,,,
72860100,sin_curva,,,,,,,,,,
72870100,sin_curva,,,,,,,,,,
72870200,sin_curva,,,,,,,,,,
72870250,sin_curva,,,,,,,,,,
72870260,sin_curva,,,,,,,,,,
72870350,sin_curva,,,,,,,,,,
72870500,sin_curva,,,,,,,,,,
72870900,sin_curva,,,,,,,,,,
72880000,sin_curva,,,,,,,,,,
72920500,sin_curva,,,,,,,,,,
72920800,sin_curva,,,,,,,,,,
72921300,sin_curva,,,,,,,,,,
72921450,sin_curva,,,,,,,,,,
73100000,sin_curva,,,,,,,,,,
73100400,sin_curva,,,,,,,,,,
73100520,sin_curva,,,,,,,,,,
73101000,sin_curva,,,,,,,,,,
73102000,sin_curva,,,,,,,,,,
73140000,sin_curva,,,,,,,,,,
73140200,sin_curva,,,,,,,,,,
73149950,sin_curva,,,,,,,,,,
73149990,sin_curva,,,,,,,,,,
73170000,sin_curva,,,,,,,,,,
73170300,sin_curva,,,,,,,,,,
73170350,sin_curva,,,,,,,,,,
73200080,sin_curva,,,,,,,,,,
73200500,sin_curva,,,,,,,,,,
73201000,sin_curva,,,,,,,,,,
73201010,sin_curva,,,,,,,,,,
73203000,usable_sin_validacion,1.0,2018-10-01 00:00:00.0,2024-12-31 00:00:00.0,0.0,11.0,850.0,0.0,,,
73203200,sin_curva,,,,,,,,,,
73203500,sin_curva,,,,,,,,,,
73204000,usable_sin_validacion,1.0,2018-10-01 00:00:00.0,2023-12-31 00:00:00.0,0.0,190.0,895.0,0.0,,,
73204800,sin_curva,,,,,,,,,,
73204850,sin_curva,,,,,,,,,,
73205800,sin_curva,,,,,,,,,,
73220000,sin_curva,,,,,,,,,,
73249000,sin_curva,,,,,,,,,,
73250000,sin_curva,,,,,,,,,,
73250500,sin_curva,,,,,,,,,,
73251000,sin_curva,,,,,,,,,,
73290100,sin_curva,,,,,,,,,,
73300000,usable,12.0,1951-01-01 00:00:00.0,2026-12-31 00:00:00.0,0.0,40.0,450.0,101.0,2000-04-11 07:00:00,2026-03-05 10:40:00,0.05796088761572183
73310000,sin_curva,,,,,,,,,,
73317000,sin_curva,,,,,,,,,,
73318000,sin_curva,,,,,,,,,,
73330200,sin_curva,,,,,,,,,,
73330250,usable_sin_validacion,1.0,2015-09-01 00:00:00.0,2020-12-31 00:00:00.0,0.0,82.0,600.0,0.0,,,
73331000,sin_curva,,,,,,,,,,
73331800,sin_curva,,,,,,,,,,
73331850,sin_curva,,,,,,,,,,
73331900,sin_curva,,,,,,,,,,
73331910,sin_curva,,,,,,,,,,
73331915,sin_curva,,,,,,,,,,
73331920,sin_curva,,,,,,,,,,
73331930,sin_curva,,,,,,,,,,
73334500,sin_curva,,,,,,,,,,
73335000,sin_curva,,,,,,,,,,
73339000,sin_curva,,,,,,,,,,
73340000,usable_sin_validacion,2.0,2012-01-01 00:00:00.0,2023-12-31 00:00:00.0,0.0,-20.0,850.0,0.0,,,
73350000,usable,7.0,1969-09-01 00:00:00.0,2026-12-31 00:00:00.0,0.0,14.0,1000.0,105.0,2000-03-29 07:00:00,2026-03-06 09:33:00,0.08448456129887501
73389000,sin_curva,,,,,,,,,,
73390000,sin_curva,,,,,,,,,,
73420080,sin_curva,,,,,,,,,,
73436000,sin_curva,,,,,,,,,,
73437000,sin_curva,,,,,,,,,,
73440000,sin_curva,,,,,,,,,,
73444700,sin_curva,,,,,,,,,,
73445000,sin_curva,,,,,,,,,,
73448000,sin_curva,,,,,,,,,,
73490000,sin_curva,,,,,,,,,,
73510000,sin_curva,,,,,,,,,,
73510100,sin_curva,,,,,,,,,,
73510170,sin_curva,,,,,,,,,,
73511000,sin_curva,,,,,,,,,,
73511300,sin_curva,,,,,,,,,,
73511500,sin_curva,,,,,,,,,,
73511540,sin_curva,,,,,,,,,,
73511600,sin_curva,,,,,,,,,,
73520000,sin_curva,,,,,,,,,,
73528000,sin_curva,,,,,,,,,,
73552000,usable_sin_validacion,1.0,2013-06-06 00:00:00.0,2023-12-31 00:00:00.0,0.0,50.0,380.0,0.0,,,
73553000,usable_sin_validacion,1.0,2013-06-06 00:00:00.0,2023-12-31 00:00:00.0,0.0,105.0,380.0,0.0,,,
73558000,sin_curva,,,,,,,,,,
73560000,usable_sin_validacion,1.0,2007-11-01 00:00:00.0,2023-12-31 00:00:00.0,0.0,14.0,420.0,0.0,,,
73569000,sin_curva,,,,,,,,,,
73570000,usable_sin_validacion,1.0,2007-11-27 00:00:00.0,2023-12-31 00:00:00.0,0.0,2.0,490.0,0.0,,,
73571000,sin_curva,,,,,,,,,,
73571500,sin_curva,,,,,,,,,,
73582000,sin_curva,,,,,,,,,,
73582500,sin_curva,,,,,,,,,,
73582900,sin_curva,,,,,,,,,,
73600000,usable,6.0,1953-04-01 00:00:00.0,2026-12-31 00:00:00.0,0.0,30.0,500.0,105.0,2000-04-03 07:00:00,2026-03-04 10:45:00,0.08555461464283375
73600200,sin_curva,,,,,,,,,,
73600400,sin_curva,,,,,,,,,,
73600600,sin_curva,,,,,,,,,,
73600700,usable_sin_validacion,1.0,2013-04-21 00:00:00.0,2020-12-31 00:00:00.0,0.0,120.0,350.0,0.0,,,
73608000,sin_curva,,,,,,,,,,
73608100,sin_curva,,,,,,,,,,
73620000,sin_curva,,,,,,,,,,
73630000,sin_curva,,,,,,,,,,
73658000,sin_curva,,,,,,,,,,
73660000,sin_curva,,,,,,,,,,
73674500,sin_curva,,,,,,,,,,
73675000,sin_curva,,,,,,,,,,
73680800,sin_curva,,,,,,,,,,
73680900,sin_curva,,,,,,,,,,
73690030,sin_curva,,,,,,,,,,
73691000,usable_sin_validacion,1.0,2013-07-01 00:00:00.0,2020-12-31 00:00:00.0,0.0,-20.0,1070.0,0.0,,,
73692000,sin_curva,,,,,,,,,,
73692100,sin_curva,,,,,,,,,,
73692200,sin_curva,,,,,,,,,,
73692500,sin_curva,,,,,,,,,,
73693500,sin_curva,,,,,,,,,,
73693700,sin_curva,,,,,,,,,,
73693800,sin_curva,,,,,,,,,,
73694000,sin_curva,,,,,,,,,,
73699000,sin_curva,,,,,,,,,,
73700500,sin_curva,,,,,,,,,,
73710000,sin_curva,,,,,,,,,,
73712000,sin_curva,,,,,,,,,,
73765000,usable,4.0,1976-01-01 00:00:00.0,2026-12-31 00:00:00.0,0.0,49.0,850.0,94.0,2000-01-18 07:00:00,2025-11-27 09:51:00,0.1032087560348541
73770000,usable,5.0,1979-01-01 00:00:00.0,2026-12-31 00:00:00.0,0.0,5.0,1200.0,106.0,2000-01-17 07:00:00,2026-03-23 10:33:00,0.025677852123690514
73790000,sin_curva,,,,,,,,,,
73799000,sin_curva,,,,,,,,,,
73799010,sin_curva,,,,,,,,,,
73800000,sin_curva,,,,,,,,,,
73819000,sin_curva,,,,,,,,,,
73825300,sin_curva,,,,,,,,,,
73825320,sin_curva,,,,,,,,,,
73890000,sin_curva,,,,,,,,,,
73892000,sin_curva,,,,,,,,,,
73900000,usable,13.0,1953-01-01 00:00:00.0,2026-12-31 00:00:00.0,0.0,20.0,900.0,99.0,2000-01-21 07:00:00,2025-12-11 10:59:00,0.08097852301668945
73960000,usable,12.0,1972-03-01 00:00:00.0,2026-12-31 00:00:00.0,0.0,105.0,950.0,110.0,2000-01-14 07:00:00,2026-03-20 11:25:00,0.042341425093973185
74040080,sin_curva,,,,,,,,,,
74050000,sin_curva,,,,,,,,,,
74100000,usable,8.0,1948-08-03 00:00:00.0,2026-12-31 00:00:00.0,0.0,80.0,1800.0,126.0,2000-01-12 07:00:00,2026-03-18 15:23:00,0.038610399112539766
74120700,sin_curva,,,,,,,,,,
74120750,sin_curva,,,,,,,,,,
74120900,sin_curva,,,,,,,,,,
74130000,sin_curva,,,,,,,,,,
74199000,sin_curva,,,,,,,,,,
74200500,sin_curva,,,,,,,,,,
74200900,sin_curva,,,,,,,,,,
74200980,sin_curva,,,,,,,,,,
74201000,sin_curva,,,,,,,,,,
74295000,usable_sin_validacion,7.0,1976-01-01 00:00:00.0,2026-12-31 00:00:00.0,0.0,6.0,700.0,0.0,,,
74300000,usable_sin_validacion,6.0,2000-05-01 00:00:00.0,2026-12-31 00:00:00.0,0.0,30.0,1250.0,0.0,,,
74300200,sin_curva,,,,,,,,,,
74314970,usable_sin_validacion,1.0,2015-05-01 00:00:00.0,2024-12-31 00:00:00.0,0.0,30.0,1020.0,0.0,,,
74314980,sin_curva,,,,,,,,,,
74315000,sin_curva,,,,,,,,,,
74319000,sin_curva,,,,,,,,,,
74319800,sin_curva,,,,,,,,,,
74320500,sin_curva,,,,,,,,,,
74322000,sin_curva,,,,,,,,,,
74322100,sin_curva,,,,,,,,,,
74322200,sin_curva,,,,,,,,,,
74323000,sin_curva,,,,,,,,,,
74324000,sin_curva,,,,,,,,,,
74329000,usable_sin_validacion,2.0,2015-03-01 00:00:00.0,2026-12-31 00:00:00.0,0.0,8.0,1400.0,0.0,,,
74339000,sin_curva,,,,,,,,,,
74340000,sin_curva,,,,,,,,,,
74350000,sin_curva,,,,,,,,,,
74350100,sin_curva,,,,,,,,,,
74350900,sin_curva,,,,,,,,,,
74351000,sin_curva,,,,,,,,,,
74352000,sin_curva,,,,,,,,,,
74352200,sin_curva,,,,,,,,,,
74355000,sin_curva,,,,,,,,,,
74356000,sin_curva,,,,,,,,,,
74359000,sin_curva,,,,,,,,,,
74359600,sin_curva,,,,,,,,,,
74400000,sin_curva,,,,,,,,,,
74400080,sin_curva,,,,,,,,,,
74421400,sin_curva,,,,,,,,,,
74421800,sin_curva,,,,,,,,,,
74422200,sin_curva,,,,,,,,,,
74422250,sin_curva,,,,,,,,,,
74423080,sin_curva,,,,,,,,,,
74423100,sin_curva,,,,,,,,,,
74462000,sin_curva,,,,,,,,,,
74463000,sin_curva,,,,,,,,,,
74464500,sin_curva,,,,,,,,,,
74465000,sin_curva,,,,,,,,,,
74466000,sin_curva,,,,,,,,,,
74467000,usable_sin_validacion,1.0,2010-12-17 00:00:00.0,2023-12-31 00:00:00.0,0.0,44.0,430.0,0.0,,,
74468000,sin_curva,,,,,,,,,,
74468500,sin_curva,,,,,,,,,,
74500000,usable_con_huecos,3.0,1986-01-01 00:00:00.0,2026-12-31 00:00:00.0,1.0,-50.0,3150.0,0.0,,,
74505400,sin_curva,,,,,,,,,,
74549990,sin_curva,,,,,,,,,,
74550000,usable_sin_validacion,1.0,2015-05-15 00:00:00.0,2024-12-31 00:00:00.0,0.0,5.0,355.0,0.0,,,
74670000,sin_curva,,,,,,,,,,
74675000,sin_curva,,,,,,,,,,
74690001,sin_curva,,,,,,,,,,
74690100,sin_curva,,,,,,,,,,
74694000,sin_curva,,,,,,,,,,
74695000,sin_curva,,,,,,,,,,
74720000,usable_sin_validacion,2.0,2018-12-01 00:00:00.0,2026-12-31 00:00:00.0,0.0,100.0,1950.0,0.0,,,
74800000,usable_con_huecos,2.0,1983-01-01 00:00:00.0,2023-12-31 00:00:00.0,1.0,10.0,1850.0,0.0,,,
75020200,sin_curva,,,,,,,,,,
75050000,sin_curva,,,,,,,,,,
75060000,sin_curva,,,,,,,,,,
75120000,sin_curva,,,,,,,,,,
75155010,sin_curva,,,,,,,,,,
75175100,sin_curva,,,,,,,,,,
75178000,sin_curva,,,,,,,,,,
75180000,sin_curva,,,,,,,,,,
75181000,usable_sin_validacion,3.0,2012-04-01 00:00:00.0,2023-12-31 00:00:00.0,0.0,40.0,1000.0,0.0,,,
75185200,sin_curva,,,,,,,,,,
75186900,sin_curva,,,,,,,,,,
75186960,sin_curva,,,,,,,,,,
75187000,sin_curva,,,,,,,,,,
75187950,sin_curva,,,,,,,,,,
75188050,sin_curva,,,,,,,,,,
75199000,sin_curva,,,,,,,,,,
75199050,sin_curva,,,,,,,,,,
75230000,usable_sin_validacion,8.0,1941-11-01 00:00:00.0,2026-12-31 00:00:00.0,0.0,30.0,1200.0,0.0,,,
75269900,sin_curva,,,,,,,,,,
75270000,sin_curva,,,,,,,,,,
75280100,sin_curva,,,,,,,,,,
75287000,sin_curva,,,,,,,,,,
75288000,sin_curva,,,,,,,,,,
75290000,usable_sin_validacion,1.0,2003-03-01 00:00:00.0,2023-12-31 00:00:00.0,0.0,20.0,600.0,0.0,,,
75291000,sin_curva,,,,,,,,,,
75305000,sin_curva,,,,,,,,,,
75307000,sin_curva,,,,,,,,,,
75318000,sin_curva,,,,,,,,,,
75325000,sin_curva,,,,,,,,,,
75326000,sin_curva,,,,,,,,,,
75331000,sin_curva,,,,,,,,,,
75342000,sin_curva,,,,,,,,,,
75343000,sin_curva,,,,,,,,,,
75344000,sin_curva,,,,,,,,,,
75500000,usable_sin_validacion,16.0,1941-11-01 00:00:00.0,2026-12-31 00:00:00.0,0.0,10.0,1300.0,0.0,,,
75550000,usable_con_huecos,5.0,1983-01-01 00:00:00.0,2026-12-31 00:00:00.0,1.0,-60.0,2350.0,0.0,,,
75650010,sin_curva,,,,,,,,,,
75780000,usable_con_huecos,4.0,1985-10-01 00:00:00.0,2026-12-31 00:00:00.0,1.0,20.0,1600.0,0.0,,,
75881800,sin_curva,,,,,,,,,,
75881900,sin_curva,,,,,,,,,,
75900000,usable_con_huecos,6.0,1983-01-01 00:00:00.0,2026-12-31 00:00:00.0,1.0,-40.0,1450.0,0.0,,,
76069500,sin_curva,,,,,,,,,,
76069900,sin_curva,,,,,,,,,,
76070500,sin_curva,,,,,,,,,,
76084000,sin_curva,,,,,,,,,,
76084040,sin_curva,,,,,,,,,,
76086000,sin_curva,,,,,,,,,,
76086500,sin_curva,,,,,,,,,,
76112000,sin_curva,,,,,,,,,,
76115400,sin_curva,,,,,,,,,,
76115600,sin_curva,,,,,,,,,,
76115800,sin_curva,,,,,,,,,,
76251000,usable_sin_validacion,13.0,2000-04-01 00:00:00.0,2026-12-31 00:00:00.0,0.0,290.0,1300.0,0.0,,,
76290000,sin_curva,,,,,,,,,,
76300000,usable_sin_validacion,12.0,1967-05-01 00:00:00.0,2026-12-31 00:00:00.0,0.0,-50.0,1100.0,0.0,,,
76310000,usable_sin_validacion,38.0,1967-06-01 00:00:00.0,2026-12-31 00:00:00.0,0.0,-200.0,1500.0,0.0,,,
76430900,sin_curva,,,,,,,,,,
76431000,sin_curva,,,,,,,,,,
76440010,sin_curva,,,,,,,,,,
76560000,usable_sin_validacion,9.0,1967-06-01 00:00:00.0,2026-12-31 00:00:00.0,0.0,10.0,1485.0,0.0,,,
76700000,sin_curva,,,,,,,,,,
76742000,usable_sin_validacion,21.0,1977-03-01 00:00:00.0,2026-12-31 00:00:00.0,0.0,-60.0,850.0,0.0,,,
76750000,usable_sin_validacion,19.0,1940-10-01 00:00:00.0,2023-12-31 00:00:00.0,0.0,0.0,1700.0,0.0,,,
76800000,usable_sin_validacion,20.0,1964-03-01 00:00:00.0,2026-12-31 00:00:00.0,0.0,0.0,1350.0,0.0,,,
77150000,usable_sin_validacion,4.0,1982-12-18 00:00:00.0,2023-12-31 00:00:00.0,0.0,70.0,1400.0,0.0,,,
77500000,usable_sin_validacion,9.0,1993-03-01 00:00:00.0,2026-12-31 00:00:00.0,0.0,10.0,1600.0,0.0,,,
80360200,sin_curva,,,,,,,,,,
85076000,sin_curva,,,,,,,,,,
87376000,sin_curva,,,,,,,,,,
